EmployeeNumber,Predicted_Attrition_Prob,Risk_Band,Model_Name,Model_AUC
2,0.08803297885498607,Low,Logistic Regression,0.7919
5,0.4323592407355117,Medium,Logistic Regression,0.7919
7,0.8146047455593975,High,Logistic Regression,0.7919
8,0.16515502592222453,Low,Logistic Regression,0.7919
10,0.6356503437661197,High,Logistic Regression,0.7919
11,0.5301586713330924,Medium,Logistic Regression,0.7919
12,0.15437773925719864,Low,Logistic Regression,0.7919
13,0.2741943689969531,Medium,Logistic Regression,0.7919
14,0.35827836781700984,Medium,Logistic Regression,0.7919
15,0.35072026921293953,Medium,Logistic Regression,0.7919
16,0.533518847882463,Medium,Logistic Regression,0.7919
18,0.3249328674624733,Medium,Logistic Regression,0.7919
20,0.2937537977740715,Medium,Logistic Regression,0.7919
21,0.3761200405233978,Medium,Logistic Regression,0.7919
22,0.5665905943234514,High,Logistic Regression,0.7919
23,0.06284593562068896,Low,Logistic Regression,0.7919
24,0.3326202633158672,Medium,Logistic Regression,0.7919
26,0.04824223985045824,Low,Logistic Regression,0.7919
28,0.031328194507164994,Low,Logistic Regression,0.7919
30,0.18043716744749455,Low,Logistic Regression,0.7919
32,0.00935489267335131,Low,Logistic Regression,0.7919
35,0.21536624062592857,Low,Logistic Regression,0.7919
36,0.02098710442375656,Low,Logistic Regression,0.7919
38,0.2596357161779043,Medium,Logistic Regression,0.7919
39,0.24454464308287238,Low,Logistic Regression,0.7919
40,0.0440605986176682,Low,Logistic Regression,0.7919
41,0.3275089724471608,Medium,Logistic Regression,0.7919
46,0.017357380704003483,Low,Logistic Regression,0.7919
49,0.41216598683602634,Medium,Logistic Regression,0.7919
51,0.8277002032107401,High,Logistic Regression,0.7919
52,0.43356934953279413,Medium,Logistic Regression,0.7919
53,0.1599226579944623,Low,Logistic Regression,0.7919
54,0.34259734380391726,Medium,Logistic Regression,0.7919
56,0.15621293661971375,Low,Logistic Regression,0.7919
57,0.11142997228784213,Low,Logistic Regression,0.7919
60,0.33278032884584136,Medium,Logistic Regression,0.7919
61,0.4669319574886328,Medium,Logistic Regression,0.7919
62,0.5649779535761641,High,Logistic Regression,0.7919
63,0.11753580914347711,Low,Logistic Regression,0.7919
68,0.7667890278361781,High,Logistic Regression,0.7919
70,0.3684884109974299,Medium,Logistic Regression,0.7919
72,0.9468946923576085,High,Logistic Regression,0.7919
73,0.14807248170244822,Low,Logistic Regression,0.7919
74,0.39867800688923116,Medium,Logistic Regression,0.7919
75,0.8993964128897256,High,Logistic Regression,0.7919
76,0.0951435201817854,Low,Logistic Regression,0.7919
77,0.08646165791289466,Low,Logistic Regression,0.7919
78,0.49483621491777485,Medium,Logistic Regression,0.7919
79,0.4113012482422039,Medium,Logistic Regression,0.7919
80,0.583432263235178,High,Logistic Regression,0.7919
81,0.31705004700720674,Medium,Logistic Regression,0.7919
83,0.10059896658786109,Low,Logistic Regression,0.7919
84,0.09301054831383969,Low,Logistic Regression,0.7919
85,0.3899843179667531,Medium,Logistic Regression,0.7919
86,0.13476609132573378,Low,Logistic Regression,0.7919
88,0.5130907246930781,Medium,Logistic Regression,0.7919
91,0.3505721154025149,Medium,Logistic Regression,0.7919
94,0.06950507201758108,Low,Logistic Regression,0.7919
95,0.2437867539316538,Low,Logistic Regression,0.7919
96,0.10515286742018441,Low,Logistic Regression,0.7919
97,0.30206352585214036,Medium,Logistic Regression,0.7919
98,0.02192743071820251,Low,Logistic Regression,0.7919
100,0.15713746313950025,Low,Logistic Regression,0.7919
101,0.1380422483267534,Low,Logistic Regression,0.7919
102,0.10456338263476522,Low,Logistic Regression,0.7919
103,0.6175758396768207,High,Logistic Regression,0.7919
104,0.6678499289377491,High,Logistic Regression,0.7919
105,0.19087626210027775,Low,Logistic Regression,0.7919
106,0.07933540086529219,Low,Logistic Regression,0.7919
107,0.15030150286426064,Low,Logistic Regression,0.7919
110,0.20588914535620773,Low,Logistic Regression,0.7919
112,0.0421907563158779,Low,Logistic Regression,0.7919
113,0.828152646216172,High,Logistic Regression,0.7919
116,0.09652542822947334,Low,Logistic Regression,0.7919
117,0.1310493183158252,Low,Logistic Regression,0.7919
119,0.26740778444213004,Medium,Logistic Regression,0.7919
120,0.4767152040502069,Medium,Logistic Regression,0.7919
121,0.6017358274842594,High,Logistic Regression,0.7919
124,0.6134028189969213,High,Logistic Regression,0.7919
125,0.3093907125482456,Medium,Logistic Regression,0.7919
126,0.1809178291300575,Low,Logistic Regression,0.7919
128,0.35616331704941157,Medium,Logistic Regression,0.7919
129,0.11687476377865502,Low,Logistic Regression,0.7919
131,0.01798703029758753,Low,Logistic Regression,0.7919
132,0.23285073529926173,Low,Logistic Regression,0.7919
134,0.1575632420780644,Low,Logistic Regression,0.7919
138,0.022756022303512057,Low,Logistic Regression,0.7919
139,0.016439107981788093,Low,Logistic Regression,0.7919
140,0.038739210702960214,Low,Logistic Regression,0.7919
141,0.26338288554365086,Medium,Logistic Regression,0.7919
143,0.186177370234542,Low,Logistic Regression,0.7919
144,0.5146482541513305,Medium,Logistic Regression,0.7919
145,0.27191361761581256,Medium,Logistic Regression,0.7919
148,0.10929926094129987,Low,Logistic Regression,0.7919
150,0.5211378943229111,Medium,Logistic Regression,0.7919
151,0.31382208140734963,Medium,Logistic Regression,0.7919
152,0.18633994823416183,Low,Logistic Regression,0.7919
153,0.1032920418894709,Low,Logistic Regression,0.7919
154,0.18470869948895138,Low,Logistic Regression,0.7919
155,0.5134003207190366,Medium,Logistic Regression,0.7919
158,0.22760874951477386,Low,Logistic Regression,0.7919
159,0.4988350425179546,Medium,Logistic Regression,0.7919
160,0.11119303764555354,Low,Logistic Regression,0.7919
162,0.07953268470187842,Low,Logistic Regression,0.7919
164,0.27356462353980576,Medium,Logistic Regression,0.7919
169,0.4229213829783216,Medium,Logistic Regression,0.7919
170,0.0654946083274166,Low,Logistic Regression,0.7919
171,0.19233476973514807,Low,Logistic Regression,0.7919
174,0.2446233980740974,Low,Logistic Regression,0.7919
176,0.3410542373751831,Medium,Logistic Regression,0.7919
177,0.2505886611600323,Low,Logistic Regression,0.7919
178,0.23664632714588546,Low,Logistic Regression,0.7919
182,0.07601396567418696,Low,Logistic Regression,0.7919
183,0.7875560921588964,High,Logistic Regression,0.7919
184,0.6122671635974348,High,Logistic Regression,0.7919
192,0.2066205166634991,Low,Logistic Regression,0.7919
193,0.24909319453751813,Low,Logistic Regression,0.7919
194,0.2562443698630407,Medium,Logistic Regression,0.7919
195,0.09872667552103105,Low,Logistic Regression,0.7919
197,0.27888106030091536,Medium,Logistic Regression,0.7919
198,0.27537646094650303,Medium,Logistic Regression,0.7919
199,0.4794209037752471,Medium,Logistic Regression,0.7919
200,0.33766336141627606,Medium,Logistic Regression,0.7919
201,0.5308191458365676,Medium,Logistic Regression,0.7919
202,0.20929573522720288,Low,Logistic Regression,0.7919
204,0.15768823589140246,Low,Logistic Regression,0.7919
205,0.6895158828298074,High,Logistic Regression,0.7919
206,0.22338135618355612,Low,Logistic Regression,0.7919
207,0.24421928103155627,Low,Logistic Regression,0.7919
208,0.023846514200142856,Low,Logistic Regression,0.7919
211,0.14006911796452373,Low,Logistic Regression,0.7919
214,0.6373656955266062,High,Logistic Regression,0.7919
215,0.2470709670026,Low,Logistic Regression,0.7919
216,0.678986039273705,High,Logistic Regression,0.7919
217,0.3457041450060122,Medium,Logistic Regression,0.7919
218,0.22712981220263104,Low,Logistic Regression,0.7919
221,0.2593500523699502,Medium,Logistic Regression,0.7919
223,0.16227924168686683,Low,Logistic Regression,0.7919
224,0.3925936395901358,Medium,Logistic Regression,0.7919
226,0.09615768261747842,Low,Logistic Regression,0.7919
227,0.16782970857926321,Low,Logistic Regression,0.7919
228,0.2853288462346337,Medium,Logistic Regression,0.7919
230,0.15545952944319213,Low,Logistic Regression,0.7919
231,0.1393826356447183,Low,Logistic Regression,0.7919
233,0.734034962124148,High,Logistic Regression,0.7919
238,0.6100896793263074,High,Logistic Regression,0.7919
239,0.18232622059080264,Low,Logistic Regression,0.7919
240,0.5704593448579689,High,Logistic Regression,0.7919
241,0.31664259905373165,Medium,Logistic Regression,0.7919
242,0.08580491369064845,Low,Logistic Regression,0.7919
244,0.41507078892010285,Medium,Logistic Regression,0.7919
245,0.2059223313673831,Low,Logistic Regression,0.7919
246,0.5802020884065894,High,Logistic Regression,0.7919
247,0.12503378489663486,Low,Logistic Regression,0.7919
249,0.21018790424808403,Low,Logistic Regression,0.7919
250,0.04082357185807588,Low,Logistic Regression,0.7919
252,0.04632536727579149,Low,Logistic Regression,0.7919
253,0.06175186878725146,Low,Logistic Regression,0.7919
254,0.0031829312720718706,Low,Logistic Regression,0.7919
256,0.08503457331618454,Low,Logistic Regression,0.7919
258,0.015551737930313609,Low,Logistic Regression,0.7919
259,0.04569236679552392,Low,Logistic Regression,0.7919
260,0.07308644311179668,Low,Logistic Regression,0.7919
262,0.012548484247570534,Low,Logistic Regression,0.7919
264,0.19089564524756383,Low,Logistic Regression,0.7919
267,0.6211964331453464,High,Logistic Regression,0.7919
269,0.6009983569765699,High,Logistic Regression,0.7919
270,0.04414005567481753,Low,Logistic Regression,0.7919
271,0.21435019478027686,Low,Logistic Regression,0.7919
273,0.2234278827947836,Low,Logistic Regression,0.7919
274,0.7807716434488476,High,Logistic Regression,0.7919
275,0.07201632891866991,Low,Logistic Regression,0.7919
277,0.47567299267057883,Medium,Logistic Regression,0.7919
281,0.6882288994929623,High,Logistic Regression,0.7919
284,0.6645420882805252,High,Logistic Regression,0.7919
286,0.5086385518100072,Medium,Logistic Regression,0.7919
287,0.06794454411971479,Low,Logistic Regression,0.7919
288,0.05550116882085765,Low,Logistic Regression,0.7919
292,0.048984539137124264,Low,Logistic Regression,0.7919
293,0.18455654242649272,Low,Logistic Regression,0.7919
296,0.08236332227668601,Low,Logistic Regression,0.7919
298,0.2953201231216428,Medium,Logistic Regression,0.7919
302,0.13787201551871525,Low,Logistic Regression,0.7919
303,0.06030459854934582,Low,Logistic Regression,0.7919
304,0.14810068868879214,Low,Logistic Regression,0.7919
305,0.2665355299860173,Medium,Logistic Regression,0.7919
306,0.10886749877213693,Low,Logistic Regression,0.7919
307,0.13279748932800634,Low,Logistic Regression,0.7919
308,0.05231322829094503,Low,Logistic Regression,0.7919
309,0.10578380973477348,Low,Logistic Regression,0.7919
311,0.6534383770778314,High,Logistic Regression,0.7919
312,0.262400315040697,Medium,Logistic Regression,0.7919
314,0.16626685309156475,Low,Logistic Regression,0.7919
316,0.4279952560528499,Medium,Logistic Regression,0.7919
319,0.01751518153089934,Low,Logistic Regression,0.7919
321,0.2691562781966657,Medium,Logistic Regression,0.7919
323,0.018259394456539485,Low,Logistic Regression,0.7919
327,0.1488131271751559,Low,Logistic Regression,0.7919
329,0.46387400071756646,Medium,Logistic Regression,0.7919
330,0.5526857066267477,High,Logistic Regression,0.7919
332,0.3293710685110766,Medium,Logistic Regression,0.7919
333,0.31762590357867454,Medium,Logistic Regression,0.7919
334,0.31368894196785035,Medium,Logistic Regression,0.7919
335,0.24929658253657344,Low,Logistic Regression,0.7919
336,0.011928151595334405,Low,Logistic Regression,0.7919
337,0.5027807444661526,Medium,Logistic Regression,0.7919
338,0.12410965363878239,Low,Logistic Regression,0.7919
339,0.24383968741656808,Low,Logistic Regression,0.7919
340,0.2052776862391407,Low,Logistic Regression,0.7919
341,0.1841285811776834,Low,Logistic Regression,0.7919
343,0.11102156683657899,Low,Logistic Regression,0.7919
346,0.14337269486728638,Low,Logistic Regression,0.7919
347,0.3004334235386999,Medium,Logistic Regression,0.7919
349,0.1818292075600208,Low,Logistic Regression,0.7919
350,0.1664533754149064,Low,Logistic Regression,0.7919
351,0.621185730842,High,Logistic Regression,0.7919
352,0.01656345571834043,Low,Logistic Regression,0.7919
353,0.08897045208688927,Low,Logistic Regression,0.7919
359,0.6446143436908444,High,Logistic Regression,0.7919
361,0.06382062275179143,Low,Logistic Regression,0.7919
362,0.4663549433623064,Medium,Logistic Regression,0.7919
363,0.7221590063508022,High,Logistic Regression,0.7919
366,0.669506466283959,High,Logistic Regression,0.7919
367,0.3075218960478257,Medium,Logistic Regression,0.7919
369,0.0338566152577198,Low,Logistic Regression,0.7919
372,0.09408579663737048,Low,Logistic Regression,0.7919
373,0.081644627347705,Low,Logistic Regression,0.7919
374,0.04699557303998768,Low,Logistic Regression,0.7919
377,0.06472924855391178,Low,Logistic Regression,0.7919
378,0.184371788865644,Low,Logistic Regression,0.7919
379,0.23951880842467685,Low,Logistic Regression,0.7919
380,0.09952217634404503,Low,Logistic Regression,0.7919
381,0.6056755325203462,High,Logistic Regression,0.7919
382,0.814995148809608,High,Logistic Regression,0.7919
384,0.4040324185367684,Medium,Logistic Regression,0.7919
385,0.05861415053775487,Low,Logistic Regression,0.7919
386,0.06388252473149822,Low,Logistic Regression,0.7919
387,0.16724251529944606,Low,Logistic Regression,0.7919
388,0.2343578793449323,Low,Logistic Regression,0.7919
389,0.32298769089330676,Medium,Logistic Regression,0.7919
390,0.830640689711298,High,Logistic Regression,0.7919
391,0.02079946644739986,Low,Logistic Regression,0.7919
393,0.17581577646738084,Low,Logistic Regression,0.7919
395,0.03702103352209853,Low,Logistic Regression,0.7919
396,0.45260283123583733,Medium,Logistic Regression,0.7919
397,0.362960633949569,Medium,Logistic Regression,0.7919
399,0.749996158506246,High,Logistic Regression,0.7919
403,0.669077902741631,High,Logistic Regression,0.7919
404,0.5315956211762841,Medium,Logistic Regression,0.7919
406,0.33553446881363963,Medium,Logistic Regression,0.7919
407,0.4638965427812029,Medium,Logistic Regression,0.7919
408,0.14232753127677467,Low,Logistic Regression,0.7919
410,0.057423952020436195,Low,Logistic Regression,0.7919
411,0.7718077397169711,High,Logistic Regression,0.7919
412,0.06926812532602805,Low,Logistic Regression,0.7919
416,0.48891541651760084,Medium,Logistic Regression,0.7919
417,0.014326528669563986,Low,Logistic Regression,0.7919
419,0.24491741598176503,Low,Logistic Regression,0.7919
420,0.1970190338353815,Low,Logistic Regression,0.7919
421,0.12517552584079936,Low,Logistic Regression,0.7919
422,0.044374340646017876,Low,Logistic Regression,0.7919
423,0.3242477641813028,Medium,Logistic Regression,0.7919
424,0.802602081836479,High,Logistic Regression,0.7919
425,0.7137963630388907,High,Logistic Regression,0.7919
426,0.5143765242666194,Medium,Logistic Regression,0.7919
428,0.39665918211102397,Medium,Logistic Regression,0.7919
429,0.5143161299023187,Medium,Logistic Regression,0.7919
430,0.14709216342923537,Low,Logistic Regression,0.7919
431,0.11970050696841707,Low,Logistic Regression,0.7919
434,0.6270889449610051,High,Logistic Regression,0.7919
436,0.7261715629219709,High,Logistic Regression,0.7919
437,0.5574588642770356,High,Logistic Regression,0.7919
438,0.08661732359721887,Low,Logistic Regression,0.7919
439,0.08721157544224657,Low,Logistic Regression,0.7919
441,0.024593261222407313,Low,Logistic Regression,0.7919
442,0.31759336585624864,Medium,Logistic Regression,0.7919
444,0.5411589753756039,Medium,Logistic Regression,0.7919
446,0.6223330154942887,High,Logistic Regression,0.7919
447,0.0215846601702624,Low,Logistic Regression,0.7919
448,0.3359411377948951,Medium,Logistic Regression,0.7919
449,0.37955772445172387,Medium,Logistic Regression,0.7919
450,0.052683542097872516,Low,Logistic Regression,0.7919
451,0.36999047596546053,Medium,Logistic Regression,0.7919
452,0.15222257719151824,Low,Logistic Regression,0.7919
453,0.6897152816708308,High,Logistic Regression,0.7919
455,0.32468439979101865,Medium,Logistic Regression,0.7919
456,0.1731498238783808,Low,Logistic Regression,0.7919
458,0.3180218187396636,Medium,Logistic Regression,0.7919
460,0.10724510335627864,Low,Logistic Regression,0.7919
461,0.07699846037533883,Low,Logistic Regression,0.7919
462,0.17729032553269924,Low,Logistic Regression,0.7919
463,0.6930709090029068,High,Logistic Regression,0.7919
464,0.02611963358984051,Low,Logistic Regression,0.7919
465,0.2897078156039604,Medium,Logistic Regression,0.7919
466,0.5313822570631892,Medium,Logistic Regression,0.7919
467,0.7493284454780598,High,Logistic Regression,0.7919
468,0.07769085884065371,Low,Logistic Regression,0.7919
469,0.15250151969468873,Low,Logistic Regression,0.7919
470,0.548964190036063,High,Logistic Regression,0.7919
471,0.20535426236710777,Low,Logistic Regression,0.7919
473,0.5416279931830648,Medium,Logistic Regression,0.7919
474,0.5959942934283184,High,Logistic Regression,0.7919
475,0.7711097289487612,High,Logistic Regression,0.7919
476,0.3317809609066573,Medium,Logistic Regression,0.7919
477,0.0751092528966875,Low,Logistic Regression,0.7919
479,0.06765931142909068,Low,Logistic Regression,0.7919
481,0.32461515533073654,Medium,Logistic Regression,0.7919
482,0.010527373294730314,Low,Logistic Regression,0.7919
483,0.21936861197763033,Low,Logistic Regression,0.7919
484,0.5436905222764324,High,Logistic Regression,0.7919
486,0.4068895244224603,Medium,Logistic Regression,0.7919
487,0.026340439281257084,Low,Logistic Regression,0.7919
491,0.037107455651017016,Low,Logistic Regression,0.7919
493,0.5948970018298153,High,Logistic Regression,0.7919
495,0.32986195474407065,Medium,Logistic Regression,0.7919
496,0.34887003302639874,Medium,Logistic Regression,0.7919
497,0.2487300240585667,Low,Logistic Regression,0.7919
498,0.11750600131454263,Low,Logistic Regression,0.7919
499,0.07576928153774275,Low,Logistic Regression,0.7919
500,0.037885132144474476,Low,Logistic Regression,0.7919
501,0.12624748705703887,Low,Logistic Regression,0.7919
505,0.044615325738895234,Low,Logistic Regression,0.7919
507,0.4738228329215853,Medium,Logistic Regression,0.7919
508,0.773685521375315,High,Logistic Regression,0.7919
511,0.37566235463501574,Medium,Logistic Regression,0.7919
513,0.5864390085808945,High,Logistic Regression,0.7919
515,0.3452314069368389,Medium,Logistic Regression,0.7919
516,0.24985937768214309,Low,Logistic Regression,0.7919
517,0.4533582764436002,Medium,Logistic Regression,0.7919
518,0.3954900255626171,Medium,Logistic Regression,0.7919
520,0.05887334181393781,Low,Logistic Regression,0.7919
521,0.43533203190646386,Medium,Logistic Regression,0.7919
522,0.0737235735867778,Low,Logistic Regression,0.7919
523,0.43467926683285374,Medium,Logistic Regression,0.7919
524,0.12371597593882815,Low,Logistic Regression,0.7919
525,0.6477848988174367,High,Logistic Regression,0.7919
526,0.1145143976122558,Low,Logistic Regression,0.7919
527,0.6886801149365586,High,Logistic Regression,0.7919
529,0.5301143067452634,Medium,Logistic Regression,0.7919
530,0.4948985971243558,Medium,Logistic Regression,0.7919
531,0.32600224788154514,Medium,Logistic Regression,0.7919
532,0.23821865343815143,Low,Logistic Regression,0.7919
533,0.485250198624738,Medium,Logistic Regression,0.7919
534,0.13104800049628498,Low,Logistic Regression,0.7919
536,0.3923836866459036,Medium,Logistic Regression,0.7919
543,0.07282356114020903,Low,Logistic Regression,0.7919
544,0.10474333070852197,Low,Logistic Regression,0.7919
546,0.007942350103655814,Low,Logistic Regression,0.7919
547,0.2810535175278252,Medium,Logistic Regression,0.7919
548,0.11448961018956878,Low,Logistic Regression,0.7919
549,0.2874529603157449,Medium,Logistic Regression,0.7919
550,0.029000807782059285,Low,Logistic Regression,0.7919
551,0.04697838874698522,Low,Logistic Regression,0.7919
556,0.6180318969850171,High,Logistic Regression,0.7919
558,0.008296148403874656,Low,Logistic Regression,0.7919
560,0.46428702471467265,Medium,Logistic Regression,0.7919
562,0.19954756704159995,Low,Logistic Regression,0.7919
564,0.061829955704774335,Low,Logistic Regression,0.7919
567,0.1623214574974394,Low,Logistic Regression,0.7919
568,0.31709469957726977,Medium,Logistic Regression,0.7919
569,0.4812632933506281,Medium,Logistic Regression,0.7919
571,0.08108992141818668,Low,Logistic Regression,0.7919
573,0.5659717338432175,High,Logistic Regression,0.7919
574,0.054270915492059146,Low,Logistic Regression,0.7919
575,0.0894745092482729,Low,Logistic Regression,0.7919
577,0.5672073622071486,High,Logistic Regression,0.7919
578,0.19230397754487125,Low,Logistic Regression,0.7919
579,0.11840130621761961,Low,Logistic Regression,0.7919
580,0.4998826685952068,Medium,Logistic Regression,0.7919
581,0.03688448163899379,Low,Logistic Regression,0.7919
585,0.628212753238995,High,Logistic Regression,0.7919
586,0.2760647031472482,Medium,Logistic Regression,0.7919
591,0.40322071154886446,Medium,Logistic Regression,0.7919
592,0.2403439959881555,Low,Logistic Regression,0.7919
595,0.1389000636988275,Low,Logistic Regression,0.7919
597,0.07611912604726088,Low,Logistic Regression,0.7919
599,0.03526725802101359,Low,Logistic Regression,0.7919
600,0.46431787469076014,Medium,Logistic Regression,0.7919
601,0.12779562079877016,Low,Logistic Regression,0.7919
602,0.30808769677043574,Medium,Logistic Regression,0.7919
604,0.450580623032958,Medium,Logistic Regression,0.7919
605,0.420886642636249,Medium,Logistic Regression,0.7919
606,0.04193040187382489,Low,Logistic Regression,0.7919
611,0.22467759035326249,Low,Logistic Regression,0.7919
612,0.04241979227749916,Low,Logistic Regression,0.7919
613,0.5388637230795029,Medium,Logistic Regression,0.7919
615,0.3688676354529797,Medium,Logistic Regression,0.7919
616,0.07988301752947927,Low,Logistic Regression,0.7919
618,0.8454819269103411,High,Logistic Regression,0.7919
620,0.17239261747992496,Low,Logistic Regression,0.7919
621,0.08706285762583124,Low,Logistic Regression,0.7919
623,0.06990278499952737,Low,Logistic Regression,0.7919
624,0.13555755075000928,Low,Logistic Regression,0.7919
625,0.4032959831123443,Medium,Logistic Regression,0.7919
626,0.2646255444531456,Medium,Logistic Regression,0.7919
630,0.26615091017119924,Medium,Logistic Regression,0.7919
632,0.7310304022408082,High,Logistic Regression,0.7919
634,0.05111160009973087,Low,Logistic Regression,0.7919
635,0.4077245945192903,Medium,Logistic Regression,0.7919
638,0.04386313041844167,Low,Logistic Regression,0.7919
639,0.524923865296615,Medium,Logistic Regression,0.7919
641,0.5729055896900153,High,Logistic Regression,0.7919
643,0.4338718459344154,Medium,Logistic Regression,0.7919
644,0.423204426724653,Medium,Logistic Regression,0.7919
645,0.48406200971689345,Medium,Logistic Regression,0.7919
649,0.2965120829750589,Medium,Logistic Regression,0.7919
652,0.46985974547178044,Medium,Logistic Regression,0.7919
653,0.14094020914004102,Low,Logistic Regression,0.7919
655,0.24786584647764007,Low,Logistic Regression,0.7919
656,0.6863255684061036,High,Logistic Regression,0.7919
657,0.1777824745698025,Low,Logistic Regression,0.7919
659,0.03464160721408316,Low,Logistic Regression,0.7919
661,0.19942419382756055,Low,Logistic Regression,0.7919
662,0.17276075221814158,Low,Logistic Regression,0.7919
663,0.6435959494033008,High,Logistic Regression,0.7919
664,0.23652310456437212,Low,Logistic Regression,0.7919
665,0.2762270650139045,Medium,Logistic Regression,0.7919
666,0.7199858356453696,High,Logistic Regression,0.7919
669,0.7866104480391539,High,Logistic Regression,0.7919
671,0.08463171167053503,Low,Logistic Regression,0.7919
675,0.26221451967824244,Medium,Logistic Regression,0.7919
677,0.2669899869550799,Medium,Logistic Regression,0.7919
679,0.35381293568870315,Medium,Logistic Regression,0.7919
680,0.23911085828496426,Low,Logistic Regression,0.7919
682,0.11988491180979656,Low,Logistic Regression,0.7919
683,0.07808162461972264,Low,Logistic Regression,0.7919
686,0.6057038340484776,High,Logistic Regression,0.7919
689,0.06844858299313616,Low,Logistic Regression,0.7919
690,0.4665769082156225,Medium,Logistic Regression,0.7919
691,0.3212075957785926,Medium,Logistic Regression,0.7919
692,0.08921231663206777,Low,Logistic Regression,0.7919
698,0.25534719295667235,Medium,Logistic Regression,0.7919
699,0.5688434617949315,High,Logistic Regression,0.7919
700,0.20510751879968392,Low,Logistic Regression,0.7919
704,0.24528571807738228,Low,Logistic Regression,0.7919
705,0.40000607871086463,Medium,Logistic Regression,0.7919
707,0.2085093142946189,Low,Logistic Regression,0.7919
709,0.0889810190041325,Low,Logistic Regression,0.7919
710,0.16932824398696997,Low,Logistic Regression,0.7919
712,0.18908827871702413,Low,Logistic Regression,0.7919
714,0.37969256737627066,Medium,Logistic Regression,0.7919
715,0.101019738668102,Low,Logistic Regression,0.7919
716,0.27812496585413127,Medium,Logistic Regression,0.7919
717,0.0893261716609762,Low,Logistic Regression,0.7919
721,0.10537692198819845,Low,Logistic Regression,0.7919
722,0.06970144036876896,Low,Logistic Regression,0.7919
724,0.009116379595762272,Low,Logistic Regression,0.7919
725,0.04914101645444577,Low,Logistic Regression,0.7919
727,0.025734346226349465,Low,Logistic Regression,0.7919
728,0.06962693338402234,Low,Logistic Regression,0.7919
729,0.4881510818589314,Medium,Logistic Regression,0.7919
730,0.007741154556069276,Low,Logistic Regression,0.7919
731,0.7282755701966427,High,Logistic Regression,0.7919
732,0.6340244094068378,High,Logistic Regression,0.7919
733,0.2006733516740888,Low,Logistic Regression,0.7919
734,0.0818859308121983,Low,Logistic Regression,0.7919
738,0.5665441684537411,High,Logistic Regression,0.7919
742,0.10909824911247082,Low,Logistic Regression,0.7919
743,0.28464522428827727,Medium,Logistic Regression,0.7919
744,0.4854663662631622,Medium,Logistic Regression,0.7919
746,0.8291598061168377,High,Logistic Regression,0.7919
747,0.6084165988488943,High,Logistic Regression,0.7919
749,0.6138307361126061,High,Logistic Regression,0.7919
754,0.4216368197729127,Medium,Logistic Regression,0.7919
757,0.09966733654922712,Low,Logistic Regression,0.7919
758,0.47570100341426574,Medium,Logistic Regression,0.7919
760,0.6121120222841945,High,Logistic Regression,0.7919
762,0.023682373863892273,Low,Logistic Regression,0.7919
763,0.1928860446102302,Low,Logistic Regression,0.7919
764,0.33955570399332224,Medium,Logistic Regression,0.7919
766,0.5890339595981634,High,Logistic Regression,0.7919
769,0.046800372812960685,Low,Logistic Regression,0.7919
771,0.025945424507521235,Low,Logistic Regression,0.7919
772,0.5295418780134797,Medium,Logistic Regression,0.7919
773,0.5841747233054968,High,Logistic Regression,0.7919
775,0.2839346424756758,Medium,Logistic Regression,0.7919
776,0.06389787220488848,Low,Logistic Regression,0.7919
781,0.35550214439388017,Medium,Logistic Regression,0.7919
783,0.686367970114577,High,Logistic Regression,0.7919
784,0.1974516409952214,Low,Logistic Regression,0.7919
786,0.05124943777234155,Low,Logistic Regression,0.7919
789,0.20498873170158866,Low,Logistic Regression,0.7919
791,0.02666591867382202,Low,Logistic Regression,0.7919
792,0.881357431330691,High,Logistic Regression,0.7919
793,0.3285060555890603,Medium,Logistic Regression,0.7919
797,0.04803432859991985,Low,Logistic Regression,0.7919
799,0.6210083969288607,High,Logistic Regression,0.7919
800,0.5131640476183991,Medium,Logistic Regression,0.7919
802,0.5980393281841372,High,Logistic Regression,0.7919
803,0.5472537514454984,High,Logistic Regression,0.7919
804,0.15829742339806957,Low,Logistic Regression,0.7919
805,0.5727423165508502,High,Logistic Regression,0.7919
806,0.40045440075566185,Medium,Logistic Regression,0.7919
807,0.02086966835338267,Low,Logistic Regression,0.7919
808,0.5152663449747908,Medium,Logistic Regression,0.7919
809,0.4924268515695369,Medium,Logistic Regression,0.7919
812,0.4830102717970409,Medium,Logistic Regression,0.7919
813,0.2556741352858741,Medium,Logistic Regression,0.7919
815,0.00918031100449829,Low,Logistic Regression,0.7919
817,0.012097652791948237,Low,Logistic Regression,0.7919
820,0.059907489901027226,Low,Logistic Regression,0.7919
823,0.038979933718776706,Low,Logistic Regression,0.7919
824,0.04840729974168096,Low,Logistic Regression,0.7919
826,0.05128201370270623,Low,Logistic Regression,0.7919
827,0.3149908653211238,Medium,Logistic Regression,0.7919
829,0.5693525138317769,High,Logistic Regression,0.7919
830,0.07054754116276339,Low,Logistic Regression,0.7919
832,0.8283076785917474,High,Logistic Regression,0.7919
833,0.6266944622097426,High,Logistic Regression,0.7919
834,0.12907564180786404,Low,Logistic Regression,0.7919
836,0.28935320660925984,Medium,Logistic Regression,0.7919
837,0.5019482534111149,Medium,Logistic Regression,0.7919
838,0.24028225268422307,Low,Logistic Regression,0.7919
843,0.1595392323184365,Low,Logistic Regression,0.7919
844,0.1603064645770839,Low,Logistic Regression,0.7919
845,0.04235004794514321,Low,Logistic Regression,0.7919
846,0.8689640489208578,High,Logistic Regression,0.7919
847,0.27998327827394254,Medium,Logistic Regression,0.7919
850,0.061617615072676005,Low,Logistic Regression,0.7919
851,0.11565514697483638,Low,Logistic Regression,0.7919
852,0.13464025732065069,Low,Logistic Regression,0.7919
854,0.5771669855477,High,Logistic Regression,0.7919
855,0.21079326862821018,Low,Logistic Regression,0.7919
856,0.37579862351884485,Medium,Logistic Regression,0.7919
857,0.16025075715079806,Low,Logistic Regression,0.7919
859,0.3180450748156807,Medium,Logistic Regression,0.7919
861,0.6347165284154681,High,Logistic Regression,0.7919
862,0.3696645568361643,Medium,Logistic Regression,0.7919
864,0.5920270316881587,High,Logistic Regression,0.7919
865,0.11616694815862992,Low,Logistic Regression,0.7919
867,0.06708079999306228,Low,Logistic Regression,0.7919
868,0.40571114023392896,Medium,Logistic Regression,0.7919
869,0.22766145153155942,Low,Logistic Regression,0.7919
872,0.4844005907567889,Medium,Logistic Regression,0.7919
874,0.554809018222648,High,Logistic Regression,0.7919
875,0.5911430769157239,High,Logistic Regression,0.7919
878,0.45774986417539854,Medium,Logistic Regression,0.7919
879,0.5884398289749703,High,Logistic Regression,0.7919
880,0.1147375186014324,Low,Logistic Regression,0.7919
882,0.08426267637662423,Low,Logistic Regression,0.7919
885,0.6224213326876107,High,Logistic Regression,0.7919
887,0.13922699466099064,Low,Logistic Regression,0.7919
888,0.3598224820891861,Medium,Logistic Regression,0.7919
889,0.46855686478348363,Medium,Logistic Regression,0.7919
893,0.671242144584084,High,Logistic Regression,0.7919
894,0.3319536323385033,Medium,Logistic Regression,0.7919
895,0.35014517284887475,Medium,Logistic Regression,0.7919
897,0.23322421839423008,Low,Logistic Regression,0.7919
899,0.34612887770300216,Medium,Logistic Regression,0.7919
900,0.6692017195580792,High,Logistic Regression,0.7919
901,0.006177760786368571,Low,Logistic Regression,0.7919
902,0.08054060322667429,Low,Logistic Regression,0.7919
903,0.3991896601254009,Medium,Logistic Regression,0.7919
904,0.472923573446466,Medium,Logistic Regression,0.7919
905,0.1924540254019008,Low,Logistic Regression,0.7919
909,0.1431261465283534,Low,Logistic Regression,0.7919
910,0.5941424815638991,High,Logistic Regression,0.7919
912,0.5671464676634708,High,Logistic Regression,0.7919
913,0.6391491078527963,High,Logistic Regression,0.7919
916,0.37909384336504637,Medium,Logistic Regression,0.7919
920,0.2691744831498864,Medium,Logistic Regression,0.7919
924,0.1610095379949694,Low,Logistic Regression,0.7919
925,0.7182489054601501,High,Logistic Regression,0.7919
930,0.3037695736448427,Medium,Logistic Regression,0.7919
933,0.20669212710116802,Low,Logistic Regression,0.7919
934,0.6736600147768791,High,Logistic Regression,0.7919
936,0.41996845223997004,Medium,Logistic Regression,0.7919
939,0.6107186269269607,High,Logistic Regression,0.7919
940,0.10240035184920299,Low,Logistic Regression,0.7919
941,0.7074738755441408,High,Logistic Regression,0.7919
942,0.09204304212044537,Low,Logistic Regression,0.7919
944,0.12554561793043462,Low,Logistic Regression,0.7919
945,0.18479854095336748,Low,Logistic Regression,0.7919
947,0.08738958314460402,Low,Logistic Regression,0.7919
949,0.0840029290748283,Low,Logistic Regression,0.7919
950,0.021940705772533396,Low,Logistic Regression,0.7919
951,0.3826234934526556,Medium,Logistic Regression,0.7919
954,0.7436578767279408,High,Logistic Regression,0.7919
956,0.4697691760050286,Medium,Logistic Regression,0.7919
957,0.1454337703330117,Low,Logistic Regression,0.7919
958,0.11736803308944636,Low,Logistic Regression,0.7919
961,0.29784536321514676,Medium,Logistic Regression,0.7919
964,0.7718836898727971,High,Logistic Regression,0.7919
966,0.17106573442872033,Low,Logistic Regression,0.7919
969,0.10425183028695391,Low,Logistic Regression,0.7919
972,0.05279210791128386,Low,Logistic Regression,0.7919
974,0.7739007122638526,High,Logistic Regression,0.7919
975,0.38496848483250395,Medium,Logistic Regression,0.7919
976,0.01662873142070864,Low,Logistic Regression,0.7919
981,0.3007369136728907,Medium,Logistic Regression,0.7919
982,0.40968110551351705,Medium,Logistic Regression,0.7919
983,0.3643076063137178,Medium,Logistic Regression,0.7919
984,0.07627032628591786,Low,Logistic Regression,0.7919
985,0.04528835869066239,Low,Logistic Regression,0.7919
987,0.1346393105894128,Low,Logistic Regression,0.7919
990,0.07723778490479533,Low,Logistic Regression,0.7919
992,0.15829429779551338,Low,Logistic Regression,0.7919
995,0.23329352800901787,Low,Logistic Regression,0.7919
996,0.05503879600543227,Low,Logistic Regression,0.7919
997,0.011201339318178686,Low,Logistic Regression,0.7919
998,0.2660051641291847,Medium,Logistic Regression,0.7919
999,0.017611198852575664,Low,Logistic Regression,0.7919
1001,0.8748944300588796,High,Logistic Regression,0.7919
1002,0.2288476203585267,Low,Logistic Regression,0.7919
1003,0.1419045098684366,Low,Logistic Regression,0.7919
1005,0.10914064570268149,Low,Logistic Regression,0.7919
1006,0.27099069133357784,Medium,Logistic Regression,0.7919
1007,0.039661017686661186,Low,Logistic Regression,0.7919
1009,0.3355345229544487,Medium,Logistic Regression,0.7919
1011,0.23811091442048365,Low,Logistic Regression,0.7919
1012,0.09518828125201603,Low,Logistic Regression,0.7919
1013,0.05704886815458679,Low,Logistic Regression,0.7919
1014,0.6220081831858275,High,Logistic Regression,0.7919
1015,0.14751683198799123,Low,Logistic Regression,0.7919
1018,0.03194411202829076,Low,Logistic Regression,0.7919
1019,0.9178217729681964,High,Logistic Regression,0.7919
1022,0.06423688543025341,Low,Logistic Regression,0.7919
1024,0.04023837065917571,Low,Logistic Regression,0.7919
1025,0.13940789150648442,Low,Logistic Regression,0.7919
1026,0.10559532776008287,Low,Logistic Regression,0.7919
1027,0.19615693569283063,Low,Logistic Regression,0.7919
1028,0.4094655085832053,Medium,Logistic Regression,0.7919
1029,0.16546839222245235,Low,Logistic Regression,0.7919
1030,0.4302268685861732,Medium,Logistic Regression,0.7919
1032,0.18497050148921942,Low,Logistic Regression,0.7919
1034,0.27852234459118397,Medium,Logistic Regression,0.7919
1035,0.013746797086151185,Low,Logistic Regression,0.7919
1036,0.7017715977311283,High,Logistic Regression,0.7919
1039,0.33320925320842304,Medium,Logistic Regression,0.7919
1040,0.006347102067024053,Low,Logistic Regression,0.7919
1043,0.49691105937135455,Medium,Logistic Regression,0.7919
1044,0.3286503790092963,Medium,Logistic Regression,0.7919
1045,0.04539056523412129,Low,Logistic Regression,0.7919
1046,0.5284724903192809,Medium,Logistic Regression,0.7919
1047,0.07416817176857511,Low,Logistic Regression,0.7919
1048,0.30938233531192955,Medium,Logistic Regression,0.7919
1049,0.39288358416495944,Medium,Logistic Regression,0.7919
1050,0.20739503206637622,Low,Logistic Regression,0.7919
1055,0.7664313268554273,High,Logistic Regression,0.7919
1056,0.6376703686103943,High,Logistic Regression,0.7919
1060,0.22837865950934982,Low,Logistic Regression,0.7919
1061,0.1354800181636865,Low,Logistic Regression,0.7919
1062,0.06123391207257467,Low,Logistic Regression,0.7919
1066,0.7463026494357438,High,Logistic Regression,0.7919
1068,0.4090953473972266,Medium,Logistic Regression,0.7919
1069,0.021986515840441676,Low,Logistic Regression,0.7919
1070,0.5123973724603779,Medium,Logistic Regression,0.7919
1071,0.09966594295699424,Low,Logistic Regression,0.7919
1073,0.08111932401892673,Low,Logistic Regression,0.7919
1074,0.08082888860570021,Low,Logistic Regression,0.7919
1076,0.3992776805750966,Medium,Logistic Regression,0.7919
1080,0.37950048900614,Medium,Logistic Regression,0.7919
1083,0.7628749498780014,High,Logistic Regression,0.7919
1084,0.2766849902374521,Medium,Logistic Regression,0.7919
1085,0.027079009140549337,Low,Logistic Regression,0.7919
1088,0.04358195254271243,Low,Logistic Regression,0.7919
1092,0.3740559740402383,Medium,Logistic Regression,0.7919
1094,0.4636848251975323,Medium,Logistic Regression,0.7919
1096,0.07743771278203408,Low,Logistic Regression,0.7919
1097,0.03074944999042118,Low,Logistic Regression,0.7919
1099,0.07574518474447994,Low,Logistic Regression,0.7919
1102,0.6188953473503035,High,Logistic Regression,0.7919
1103,0.1343103410430392,Low,Logistic Regression,0.7919
1105,0.5332245944399293,Medium,Logistic Regression,0.7919
1109,0.14141228461076275,Low,Logistic Regression,0.7919
1114,0.28635084973450803,Medium,Logistic Regression,0.7919
1115,0.061992889211917444,Low,Logistic Regression,0.7919
1116,0.014445506967092658,Low,Logistic Regression,0.7919
1117,0.029941895280496744,Low,Logistic Regression,0.7919
1118,0.12365327744250336,Low,Logistic Regression,0.7919
1119,0.5832239584289969,High,Logistic Regression,0.7919
1120,0.17326759634390662,Low,Logistic Regression,0.7919
1121,0.06189851657494563,Low,Logistic Regression,0.7919
1124,0.0999969046539492,Low,Logistic Regression,0.7919
1125,0.3875602197565066,Medium,Logistic Regression,0.7919
1126,0.4917940152963341,Medium,Logistic Regression,0.7919
1128,0.05392443230698833,Low,Logistic Regression,0.7919
1131,0.6173290980418132,High,Logistic Regression,0.7919
1132,0.4093466462803308,Medium,Logistic Regression,0.7919
1133,0.03379006243691289,Low,Logistic Regression,0.7919
1135,0.7136235431817555,High,Logistic Regression,0.7919
1136,0.5058401139557849,Medium,Logistic Regression,0.7919
1137,0.21794943743924136,Low,Logistic Regression,0.7919
1138,0.2806147811145575,Medium,Logistic Regression,0.7919
1140,0.12703002381350276,Low,Logistic Regression,0.7919
1143,0.1890155178822057,Low,Logistic Regression,0.7919
1148,0.7658189634428338,High,Logistic Regression,0.7919
1150,0.5431087357985456,Medium,Logistic Regression,0.7919
1152,0.21467326212945353,Low,Logistic Regression,0.7919
1154,0.6984773038654866,High,Logistic Regression,0.7919
1158,0.8310479918160165,High,Logistic Regression,0.7919
1161,0.17712254556894794,Low,Logistic Regression,0.7919
1162,0.20889652520504012,Low,Logistic Regression,0.7919
1163,0.36547772019777597,Medium,Logistic Regression,0.7919
1164,0.3560741265778874,Medium,Logistic Regression,0.7919
1166,0.09990288923478642,Low,Logistic Regression,0.7919
1171,0.3926791861212469,Medium,Logistic Regression,0.7919
1172,0.3881195824710447,Medium,Logistic Regression,0.7919
1173,0.7245652223155669,High,Logistic Regression,0.7919
1177,0.14776624434248067,Low,Logistic Regression,0.7919
1179,0.5264238403019491,Medium,Logistic Regression,0.7919
1180,0.6671454857824344,High,Logistic Regression,0.7919
1182,0.21614500098312925,Low,Logistic Regression,0.7919
1184,0.06959098665467969,Low,Logistic Regression,0.7919
1185,0.3039238858987852,Medium,Logistic Regression,0.7919
1190,0.3986963804557439,Medium,Logistic Regression,0.7919
1191,0.05670258716752079,Low,Logistic Regression,0.7919
1192,0.14007865616987653,Low,Logistic Regression,0.7919
1193,0.36355467177663287,Medium,Logistic Regression,0.7919
1195,0.558841656342511,High,Logistic Regression,0.7919
1196,0.03192634160419431,Low,Logistic Regression,0.7919
1198,0.8367376472952364,High,Logistic Regression,0.7919
1201,0.013683222538356665,Low,Logistic Regression,0.7919
1202,0.7597102473950378,High,Logistic Regression,0.7919
1204,0.6469483367316398,High,Logistic Regression,0.7919
1206,0.09045747659182576,Low,Logistic Regression,0.7919
1207,0.2988772457277075,Medium,Logistic Regression,0.7919
1211,0.7670005387965482,High,Logistic Regression,0.7919
1212,0.5731444011177798,High,Logistic Regression,0.7919
1215,0.04635869834906057,Low,Logistic Regression,0.7919
1216,0.6194008939457235,High,Logistic Regression,0.7919
1217,0.04225111738532594,Low,Logistic Regression,0.7919
1218,0.5573263034502822,High,Logistic Regression,0.7919
1220,0.6583864120322718,High,Logistic Regression,0.7919
1221,0.23791312874437573,Low,Logistic Regression,0.7919
1224,0.4982764015381528,Medium,Logistic Regression,0.7919
1225,0.04602464563994774,Low,Logistic Regression,0.7919
1226,0.6311659050833399,High,Logistic Regression,0.7919
1228,0.04346527466174126,Low,Logistic Regression,0.7919
1231,0.09010613223394671,Low,Logistic Regression,0.7919
1233,0.11621590653847687,Low,Logistic Regression,0.7919
1234,0.6206291049360745,High,Logistic Regression,0.7919
1235,0.19096952329503883,Low,Logistic Regression,0.7919
1237,0.6924498195605965,High,Logistic Regression,0.7919
1238,0.07176255701920912,Low,Logistic Regression,0.7919
1239,0.7288248850390288,High,Logistic Regression,0.7919
1240,0.2876919937989696,Medium,Logistic Regression,0.7919
1241,0.32508719873773245,Medium,Logistic Regression,0.7919
1242,0.6476580827911438,High,Logistic Regression,0.7919
1243,0.4972810563813718,Medium,Logistic Regression,0.7919
1244,0.8045535872839628,High,Logistic Regression,0.7919
1245,0.08048512204518016,Low,Logistic Regression,0.7919
1246,0.05320094394422534,Low,Logistic Regression,0.7919
1249,0.23979358033897044,Low,Logistic Regression,0.7919
1250,0.0017191206352994302,Low,Logistic Regression,0.7919
1251,0.37357557547083525,Medium,Logistic Regression,0.7919
1252,0.12035806965783614,Low,Logistic Regression,0.7919
1254,0.06448043359222064,Low,Logistic Regression,0.7919
1255,0.017697910799601594,Low,Logistic Regression,0.7919
1256,0.07675712511959858,Low,Logistic Regression,0.7919
1257,0.11676225642635564,Low,Logistic Regression,0.7919
1258,0.27407363810671775,Medium,Logistic Regression,0.7919
1259,0.21727381235947363,Low,Logistic Regression,0.7919
1260,0.4188643511625289,Medium,Logistic Regression,0.7919
1263,0.01880857196753711,Low,Logistic Regression,0.7919
1264,0.031988983425104485,Low,Logistic Regression,0.7919
1265,0.16753086140286802,Low,Logistic Regression,0.7919
1267,0.24422452394653013,Low,Logistic Regression,0.7919
1268,0.12892033783255452,Low,Logistic Regression,0.7919
1269,0.5988068544218851,High,Logistic Regression,0.7919
1270,0.08776675986164131,Low,Logistic Regression,0.7919
1275,0.43629621605370883,Medium,Logistic Regression,0.7919
1278,0.3086215589675716,Medium,Logistic Regression,0.7919
1280,0.04454664140634507,Low,Logistic Regression,0.7919
1281,0.6121100115542216,High,Logistic Regression,0.7919
1282,0.8267850421925859,High,Logistic Regression,0.7919
1283,0.04207380355292,Low,Logistic Regression,0.7919
1285,0.43331694637362517,Medium,Logistic Regression,0.7919
1286,0.726356906782384,High,Logistic Regression,0.7919
1288,0.1024122100362555,Low,Logistic Regression,0.7919
1289,0.2519333177446032,Medium,Logistic Regression,0.7919
1291,0.3526540532043127,Medium,Logistic Regression,0.7919
1292,0.35684043972846274,Medium,Logistic Regression,0.7919
1293,0.1303955547653666,Low,Logistic Regression,0.7919
1294,0.25098395808079177,Low,Logistic Regression,0.7919
1296,0.8617483688885927,High,Logistic Regression,0.7919
1297,0.6115824509618775,High,Logistic Regression,0.7919
1298,0.24905421366969593,Low,Logistic Regression,0.7919
1301,0.3577011554108835,Medium,Logistic Regression,0.7919
1303,0.15950278760312486,Low,Logistic Regression,0.7919
1304,0.03524333829675081,Low,Logistic Regression,0.7919
1306,0.29177672422851586,Medium,Logistic Regression,0.7919
1307,0.9093705126975555,High,Logistic Regression,0.7919
1308,0.15878207403144168,Low,Logistic Regression,0.7919
1311,0.7036452583466821,High,Logistic Regression,0.7919
1312,0.041782990238977843,Low,Logistic Regression,0.7919
1314,0.1328187645270396,Low,Logistic Regression,0.7919
1315,0.2942361278172042,Medium,Logistic Regression,0.7919
1317,0.2526723249519723,Medium,Logistic Regression,0.7919
1321,0.474531895099178,Medium,Logistic Regression,0.7919
1322,0.1322015813069161,Low,Logistic Regression,0.7919
1324,0.5334993216913196,Medium,Logistic Regression,0.7919
1329,0.5498421497557398,High,Logistic Regression,0.7919
1334,0.03886389327944266,Low,Logistic Regression,0.7919
1336,0.03980080923071307,Low,Logistic Regression,0.7919
1338,0.09280484288626459,Low,Logistic Regression,0.7919
1340,0.228112376558497,Low,Logistic Regression,0.7919
1344,0.014613288534093568,Low,Logistic Regression,0.7919
1346,0.0651376307681336,Low,Logistic Regression,0.7919
1349,0.21359655505560654,Low,Logistic Regression,0.7919
1350,0.5465334181422714,High,Logistic Regression,0.7919
1352,0.08894806998498904,Low,Logistic Regression,0.7919
1355,0.12716639434226576,Low,Logistic Regression,0.7919
1356,0.3191056783512619,Medium,Logistic Regression,0.7919
1358,0.441817674508441,Medium,Logistic Regression,0.7919
1361,0.31415155589839233,Medium,Logistic Regression,0.7919
1362,0.44118189032710164,Medium,Logistic Regression,0.7919
1363,0.00851333259586559,Low,Logistic Regression,0.7919
1364,0.6942545012477624,High,Logistic Regression,0.7919
1367,0.07376488780096971,Low,Logistic Regression,0.7919
1368,0.11088962655329428,Low,Logistic Regression,0.7919
1369,0.11969286063797464,Low,Logistic Regression,0.7919
1371,0.5983682901230835,High,Logistic Regression,0.7919
1373,0.5102740955382812,Medium,Logistic Regression,0.7919
1374,0.2741851936849638,Medium,Logistic Regression,0.7919
1375,0.0794536749985657,Low,Logistic Regression,0.7919
1377,0.7899585338863082,High,Logistic Regression,0.7919
1382,0.06902895565640811,Low,Logistic Regression,0.7919
1383,0.007187264410673726,Low,Logistic Regression,0.7919
1387,0.6361222933384749,High,Logistic Regression,0.7919
1390,0.7171811992204691,High,Logistic Regression,0.7919
1391,0.5288602444818848,Medium,Logistic Regression,0.7919
1392,0.717351118428869,High,Logistic Regression,0.7919
1394,0.46893911528889076,Medium,Logistic Regression,0.7919
1395,0.6197172178280085,High,Logistic Regression,0.7919
1396,0.8295465584243352,High,Logistic Regression,0.7919
1397,0.02981086269723978,Low,Logistic Regression,0.7919
1399,0.6506467678485529,High,Logistic Regression,0.7919
1401,0.2549393122391117,Medium,Logistic Regression,0.7919
1402,0.500702922575501,Medium,Logistic Regression,0.7919
1403,0.6928136971135168,High,Logistic Regression,0.7919
1407,0.2038060314798785,Low,Logistic Regression,0.7919
1408,0.0775395127991551,Low,Logistic Regression,0.7919
1409,0.3556795757038801,Medium,Logistic Regression,0.7919
1411,0.5872370273863821,High,Logistic Regression,0.7919
1412,0.23283367206467506,Low,Logistic Regression,0.7919
1415,0.6902958598748323,High,Logistic Regression,0.7919
1417,0.09008084693867252,Low,Logistic Regression,0.7919
1419,0.4085434572597793,Medium,Logistic Regression,0.7919
1422,0.028990527174873437,Low,Logistic Regression,0.7919
1423,0.018930739397730267,Low,Logistic Regression,0.7919
1424,0.0018812007063902735,Low,Logistic Regression,0.7919
1425,0.6837613816608489,High,Logistic Regression,0.7919
1428,0.5686807053177503,High,Logistic Regression,0.7919
1430,0.13408587049436088,Low,Logistic Regression,0.7919
1431,0.20311104491027268,Low,Logistic Regression,0.7919
1434,0.599883557553436,High,Logistic Regression,0.7919
1435,0.31063796762292784,Medium,Logistic Regression,0.7919
1436,0.7365002040503147,High,Logistic Regression,0.7919
1438,0.19326548643628838,Low,Logistic Regression,0.7919
1440,0.1493663700065131,Low,Logistic Regression,0.7919
1441,0.08696570454595444,Low,Logistic Regression,0.7919
1443,0.012966534248741175,Low,Logistic Regression,0.7919
1445,0.4352781101780142,Medium,Logistic Regression,0.7919
1446,0.2163406623429359,Low,Logistic Regression,0.7919
1447,0.5427964343526289,Medium,Logistic Regression,0.7919
1448,0.38837195740024955,Medium,Logistic Regression,0.7919
1449,0.026580655025726364,Low,Logistic Regression,0.7919
1453,0.4862542030034939,Medium,Logistic Regression,0.7919
1460,0.374075014128273,Medium,Logistic Regression,0.7919
1461,0.22588384739680153,Low,Logistic Regression,0.7919
1465,0.5964669279801741,High,Logistic Regression,0.7919
1466,0.4737253600119308,Medium,Logistic Regression,0.7919
1468,0.013086116077872174,Low,Logistic Regression,0.7919
1469,0.21450791376678674,Low,Logistic Regression,0.7919
1471,0.12378171418808982,Low,Logistic Regression,0.7919
1472,0.01196092339496116,Low,Logistic Regression,0.7919
1473,0.08878042777415461,Low,Logistic Regression,0.7919
1474,0.07269277370084767,Low,Logistic Regression,0.7919
1475,0.15782417418881883,Low,Logistic Regression,0.7919
1477,0.4736681356060463,Medium,Logistic Regression,0.7919
1478,0.12284169528441674,Low,Logistic Regression,0.7919
1479,0.684606494792522,High,Logistic Regression,0.7919
1480,0.24601804655780654,Low,Logistic Regression,0.7919
1481,0.6520012661576985,High,Logistic Regression,0.7919
1482,0.1950919789241276,Low,Logistic Regression,0.7919
1483,0.017083101021148798,Low,Logistic Regression,0.7919
1484,0.011695665580342888,Low,Logistic Regression,0.7919
1485,0.44643659157458304,Medium,Logistic Regression,0.7919
1492,0.547113761316918,High,Logistic Regression,0.7919
1495,0.3666410501357902,Medium,Logistic Regression,0.7919
1496,0.736977921652692,High,Logistic Regression,0.7919
1497,0.3109983478827628,Medium,Logistic Regression,0.7919
1499,0.18111531993075403,Low,Logistic Regression,0.7919
1501,0.09002012970927575,Low,Logistic Regression,0.7919
1502,0.6813255756965785,High,Logistic Regression,0.7919
1503,0.5356810394345036,Medium,Logistic Regression,0.7919
1506,0.4743042872530273,Medium,Logistic Regression,0.7919
1507,0.5101197070446071,Medium,Logistic Regression,0.7919
1509,0.4296165235341688,Medium,Logistic Regression,0.7919
1513,0.3348491590028273,Medium,Logistic Regression,0.7919
1514,0.5106937951180428,Medium,Logistic Regression,0.7919
1515,0.24701273692952455,Low,Logistic Regression,0.7919
1516,0.10278314972527407,Low,Logistic Regression,0.7919
1520,0.02285091103751697,Low,Logistic Regression,0.7919
1523,0.11958795555424408,Low,Logistic Regression,0.7919
1525,0.23219792702965364,Low,Logistic Regression,0.7919
1527,0.15280942717517756,Low,Logistic Regression,0.7919
1529,0.10980391799379763,Low,Logistic Regression,0.7919
1533,0.693523356367231,High,Logistic Regression,0.7919
1535,0.6340029031103813,High,Logistic Regression,0.7919
1539,0.539133340410142,Medium,Logistic Regression,0.7919
1541,0.7649796647201941,High,Logistic Regression,0.7919
1542,0.5901295648992797,High,Logistic Regression,0.7919
1543,0.15532516748256797,Low,Logistic Regression,0.7919
1544,0.09070972548642772,Low,Logistic Regression,0.7919
1545,0.23116152365983025,Low,Logistic Regression,0.7919
1546,0.09102296835471642,Low,Logistic Regression,0.7919
1547,0.440324059173946,Medium,Logistic Regression,0.7919
1548,0.5212834336870873,Medium,Logistic Regression,0.7919
1549,0.7512179956531395,High,Logistic Regression,0.7919
1550,0.19544588885165054,Low,Logistic Regression,0.7919
1551,0.8302397762790906,High,Logistic Regression,0.7919
1552,0.06778490678208407,Low,Logistic Regression,0.7919
1553,0.18004385334589443,Low,Logistic Regression,0.7919
1554,0.8470873341805906,High,Logistic Regression,0.7919
1555,0.21511349162479682,Low,Logistic Regression,0.7919
1556,0.711403546022783,High,Logistic Regression,0.7919
1557,0.2920401365807255,Medium,Logistic Regression,0.7919
1558,0.43369781550977693,Medium,Logistic Regression,0.7919
1560,0.6797741262876551,High,Logistic Regression,0.7919
1563,0.5628428211126163,High,Logistic Regression,0.7919
1564,0.52874015317943,Medium,Logistic Regression,0.7919
1568,0.7065482357371953,High,Logistic Regression,0.7919
1574,0.15658714913117164,Low,Logistic Regression,0.7919
1576,0.3686783687809933,Medium,Logistic Regression,0.7919
1577,0.3223888854929318,Medium,Logistic Regression,0.7919
1578,0.05316500087615861,Low,Logistic Regression,0.7919
1580,0.44917419315984425,Medium,Logistic Regression,0.7919
1581,0.3144932845207996,Medium,Logistic Regression,0.7919
1582,0.24414194054553287,Low,Logistic Regression,0.7919
1583,0.3830656204267475,Medium,Logistic Regression,0.7919
1585,0.4257579314564239,Medium,Logistic Regression,0.7919
1586,0.6405122769555884,High,Logistic Regression,0.7919
1587,0.33246674168569923,Medium,Logistic Regression,0.7919
1588,0.19796083511552984,Low,Logistic Regression,0.7919
1590,0.10382758377906186,Low,Logistic Regression,0.7919
1591,0.4479364725796412,Medium,Logistic Regression,0.7919
1592,0.15340512106021406,Low,Logistic Regression,0.7919
1594,0.8821029118133493,High,Logistic Regression,0.7919
1595,0.048939726801566885,Low,Logistic Regression,0.7919
1596,0.3586891275293736,Medium,Logistic Regression,0.7919
1597,0.40633883917837266,Medium,Logistic Regression,0.7919
1598,0.20157277609579632,Low,Logistic Regression,0.7919
1599,0.4300050769601169,Medium,Logistic Regression,0.7919
1601,0.32296882141837696,Medium,Logistic Regression,0.7919
1602,0.07347127254615998,Low,Logistic Regression,0.7919
1605,0.6189071583397133,High,Logistic Regression,0.7919
1606,0.43508795781406967,Medium,Logistic Regression,0.7919
1607,0.04004550365834702,Low,Logistic Regression,0.7919
1608,0.033821357671083484,Low,Logistic Regression,0.7919
1609,0.4564737004080356,Medium,Logistic Regression,0.7919
1611,0.7464457632796984,High,Logistic Regression,0.7919
1612,0.6432705913229456,High,Logistic Regression,0.7919
1613,0.4184051381206282,Medium,Logistic Regression,0.7919
1614,0.7604007133375442,High,Logistic Regression,0.7919
1615,0.30064134475543264,Medium,Logistic Regression,0.7919
1617,0.25928928635968235,Medium,Logistic Regression,0.7919
1618,0.19622384150851926,Low,Logistic Regression,0.7919
1619,0.3959095899581973,Medium,Logistic Regression,0.7919
1621,0.026968718787268912,Low,Logistic Regression,0.7919
1622,0.7343455603425643,High,Logistic Regression,0.7919
1623,0.16808175679146173,Low,Logistic Regression,0.7919
1625,0.0685824928206706,Low,Logistic Regression,0.7919
1627,0.05865894179107718,Low,Logistic Regression,0.7919
1628,0.22262882134054246,Low,Logistic Regression,0.7919
1630,0.003950320472853939,Low,Logistic Regression,0.7919
1631,0.30005125566466234,Medium,Logistic Regression,0.7919
1633,0.22772448747518928,Low,Logistic Regression,0.7919
1635,0.01694375643230321,Low,Logistic Regression,0.7919
1638,0.1538061844143372,Low,Logistic Regression,0.7919
1640,0.47334712714365806,Medium,Logistic Regression,0.7919
1641,0.4600768025805085,Medium,Logistic Regression,0.7919
1642,0.7384346739652472,High,Logistic Regression,0.7919
1644,0.07870434928888374,Low,Logistic Regression,0.7919
1646,0.7270458933537296,High,Logistic Regression,0.7919
1647,0.3693770127923795,Medium,Logistic Regression,0.7919
1648,0.19951086429816722,Low,Logistic Regression,0.7919
1650,0.6753150637135625,High,Logistic Regression,0.7919
1651,0.14047068358560172,Low,Logistic Regression,0.7919
1653,0.05073585713275834,Low,Logistic Regression,0.7919
1654,0.18065234027312546,Low,Logistic Regression,0.7919
1655,0.052423162724523235,Low,Logistic Regression,0.7919
1656,0.014394058583878124,Low,Logistic Regression,0.7919
1657,0.6673991256424905,High,Logistic Regression,0.7919
1658,0.07026876035912606,Low,Logistic Regression,0.7919
1659,0.4097515847043648,Medium,Logistic Regression,0.7919
1661,0.03154107260011543,Low,Logistic Regression,0.7919
1662,0.030634262043909725,Low,Logistic Regression,0.7919
1664,0.06195451664271189,Low,Logistic Regression,0.7919
1665,0.020594546505751706,Low,Logistic Regression,0.7919
1666,0.046470306684207985,Low,Logistic Regression,0.7919
1668,0.029380602552718554,Low,Logistic Regression,0.7919
1669,0.8700947099107064,High,Logistic Regression,0.7919
1670,0.08465465964961463,Low,Logistic Regression,0.7919
1671,0.06427131687689704,Low,Logistic Regression,0.7919
1673,0.3952135725762091,Medium,Logistic Regression,0.7919
1674,0.7478046503804066,High,Logistic Regression,0.7919
1675,0.5120979139519727,Medium,Logistic Regression,0.7919
1676,0.09554763674651927,Low,Logistic Regression,0.7919
1677,0.05312250103350291,Low,Logistic Regression,0.7919
1678,0.39715094381738086,Medium,Logistic Regression,0.7919
1680,0.7605047348447563,High,Logistic Regression,0.7919
1681,0.2988530735831861,Medium,Logistic Regression,0.7919
1682,0.4220171311347624,Medium,Logistic Regression,0.7919
1683,0.536940140301644,Medium,Logistic Regression,0.7919
1687,0.29219852029344534,Medium,Logistic Regression,0.7919
1689,0.0382403493956046,Low,Logistic Regression,0.7919
1693,0.0806499266074115,Low,Logistic Regression,0.7919
1694,0.4801287193089555,Medium,Logistic Regression,0.7919
1696,0.07982336196409852,Low,Logistic Regression,0.7919
1697,0.0200636717104467,Low,Logistic Regression,0.7919
1698,0.0986669974486373,Low,Logistic Regression,0.7919
1700,0.46820572250375986,Medium,Logistic Regression,0.7919
1701,0.2726358886168288,Medium,Logistic Regression,0.7919
1703,0.07947916589456805,Low,Logistic Regression,0.7919
1704,0.5244323035892999,Medium,Logistic Regression,0.7919
1706,0.4082739333797499,Medium,Logistic Regression,0.7919
1707,0.07567412990642688,Low,Logistic Regression,0.7919
1708,0.24384644688552715,Low,Logistic Regression,0.7919
1709,0.47415855980673854,Medium,Logistic Regression,0.7919
1710,0.29380813375091186,Medium,Logistic Regression,0.7919
1712,0.05682998655082676,Low,Logistic Regression,0.7919
1718,0.47601153563456433,Medium,Logistic Regression,0.7919
1719,0.14004007127088766,Low,Logistic Regression,0.7919
1720,0.7500814164417572,High,Logistic Regression,0.7919
1721,0.19986552386997586,Low,Logistic Regression,0.7919
1722,0.5923874022342794,High,Logistic Regression,0.7919
1724,0.5187352117124041,Medium,Logistic Regression,0.7919
1725,0.8084053945815202,High,Logistic Regression,0.7919
1727,0.021856618166979418,Low,Logistic Regression,0.7919
1728,0.05875847791676444,Low,Logistic Regression,0.7919
1729,0.1868819815329813,Low,Logistic Regression,0.7919
1731,0.3425205597399214,Medium,Logistic Regression,0.7919
1732,0.45069719494813354,Medium,Logistic Regression,0.7919
1735,0.5463070890667237,High,Logistic Regression,0.7919
1736,0.1965399980233009,Low,Logistic Regression,0.7919
1737,0.12816052519255433,Low,Logistic Regression,0.7919
1739,0.6059430985413504,High,Logistic Regression,0.7919
1740,0.5719898634160974,High,Logistic Regression,0.7919
1744,0.25182666470466886,Medium,Logistic Regression,0.7919
1745,0.11211392147171712,Low,Logistic Regression,0.7919
1746,0.5662495071722515,High,Logistic Regression,0.7919
1749,0.47700543206830903,Medium,Logistic Regression,0.7919
1751,0.11500659542428408,Low,Logistic Regression,0.7919
1753,0.32150704785980155,Medium,Logistic Regression,0.7919
1754,0.5000938886014906,Medium,Logistic Regression,0.7919
1755,0.23283283081945483,Low,Logistic Regression,0.7919
1756,0.1216113562624259,Low,Logistic Regression,0.7919
1757,0.06725630961035323,Low,Logistic Regression,0.7919
1760,0.585649988798261,High,Logistic Regression,0.7919
1762,0.3443495609261125,Medium,Logistic Regression,0.7919
1763,0.07183274936740522,Low,Logistic Regression,0.7919
1764,0.058372158063079944,Low,Logistic Regression,0.7919
1766,0.5891124110096454,High,Logistic Regression,0.7919
1768,0.6950025103045373,High,Logistic Regression,0.7919
1770,0.07937509003769978,Low,Logistic Regression,0.7919
1771,0.04696784848418335,Low,Logistic Regression,0.7919
1772,0.32758543764379966,Medium,Logistic Regression,0.7919
1774,0.07386786168346582,Low,Logistic Regression,0.7919
1775,0.12366258805711014,Low,Logistic Regression,0.7919
1778,0.05437357531973977,Low,Logistic Regression,0.7919
1779,0.43751277531715455,Medium,Logistic Regression,0.7919
1782,0.10691258443158932,Low,Logistic Regression,0.7919
1784,0.6777360729408488,High,Logistic Regression,0.7919
1786,0.0818149828224702,Low,Logistic Regression,0.7919
1787,0.5714716377224933,High,Logistic Regression,0.7919
1789,0.1374308583368872,Low,Logistic Regression,0.7919
1790,0.40841097188896186,Medium,Logistic Regression,0.7919
1794,0.19015095162396875,Low,Logistic Regression,0.7919
1798,0.24990217694175967,Low,Logistic Regression,0.7919
1799,0.05733719861981356,Low,Logistic Regression,0.7919
1800,0.11684623879969744,Low,Logistic Regression,0.7919
1801,0.6252292902962494,High,Logistic Regression,0.7919
1802,0.297275436110152,Medium,Logistic Regression,0.7919
1803,0.21973705652012301,Low,Logistic Regression,0.7919
1804,0.012719699634392375,Low,Logistic Regression,0.7919
1805,0.20068827960079627,Low,Logistic Regression,0.7919
1812,0.40289777301104784,Medium,Logistic Regression,0.7919
1813,0.1602903452766465,Low,Logistic Regression,0.7919
1814,0.17410974580370248,Low,Logistic Regression,0.7919
1815,0.46837246674064864,Medium,Logistic Regression,0.7919
1816,0.46825489572766454,Medium,Logistic Regression,0.7919
1822,0.01877369299946612,Low,Logistic Regression,0.7919
1823,0.14631964500461878,Low,Logistic Regression,0.7919
1824,0.053113745652351815,Low,Logistic Regression,0.7919
1826,0.5455243428080127,High,Logistic Regression,0.7919
1827,0.7261885302114464,High,Logistic Regression,0.7919
1829,0.1876892662626398,Low,Logistic Regression,0.7919
1830,0.03163609682329534,Low,Logistic Regression,0.7919
1833,0.7425234509252063,High,Logistic Regression,0.7919
1834,0.19195309999379118,Low,Logistic Regression,0.7919
1835,0.8618439947358313,High,Logistic Regression,0.7919
1836,0.36551367860648615,Medium,Logistic Regression,0.7919
1837,0.3162289883187917,Medium,Logistic Regression,0.7919
1839,0.3044562926735581,Medium,Logistic Regression,0.7919
1845,0.052860068654120414,Low,Logistic Regression,0.7919
1847,0.1970750912616003,Low,Logistic Regression,0.7919
1849,0.34210995493651714,Medium,Logistic Regression,0.7919
1850,0.575866233042547,High,Logistic Regression,0.7919
1852,0.21842766591679744,Low,Logistic Regression,0.7919
1853,0.5991256125529625,High,Logistic Regression,0.7919
1854,0.12581186640864092,Low,Logistic Regression,0.7919
1856,0.37174209212844667,Medium,Logistic Regression,0.7919
1857,0.02809746304816232,Low,Logistic Regression,0.7919
1858,0.1080123164588271,Low,Logistic Regression,0.7919
1859,0.39432281598924745,Medium,Logistic Regression,0.7919
1860,0.2246465723668335,Low,Logistic Regression,0.7919
1863,0.04891404584780491,Low,Logistic Regression,0.7919
1864,0.592237090596125,High,Logistic Regression,0.7919
1865,0.3457896766511462,Medium,Logistic Regression,0.7919
1866,0.09470407196701969,Low,Logistic Regression,0.7919
1867,0.07196107072612985,Low,Logistic Regression,0.7919
1870,0.579481547914359,High,Logistic Regression,0.7919
1871,0.2009658075927244,Low,Logistic Regression,0.7919
1873,0.10338769565101168,Low,Logistic Regression,0.7919
1875,0.6042537813947233,High,Logistic Regression,0.7919
1880,0.6544718818370326,High,Logistic Regression,0.7919
1881,0.4796427298083279,Medium,Logistic Regression,0.7919
1882,0.5148636939907469,Medium,Logistic Regression,0.7919
1883,0.4900103560207318,Medium,Logistic Regression,0.7919
1885,0.3698770283702863,Medium,Logistic Regression,0.7919
1886,0.26718273453580477,Medium,Logistic Regression,0.7919
1888,0.06355588640400037,Low,Logistic Regression,0.7919
1890,0.41719993334108757,Medium,Logistic Regression,0.7919
1892,0.2940114402105013,Medium,Logistic Regression,0.7919
1893,0.7214093059036013,High,Logistic Regression,0.7919
1898,0.11703594361318233,Low,Logistic Regression,0.7919
1900,0.03757189135027029,Low,Logistic Regression,0.7919
1903,0.062869165442863,Low,Logistic Regression,0.7919
1908,0.5760241819031615,High,Logistic Regression,0.7919
1909,0.23991021195950216,Low,Logistic Regression,0.7919
1911,0.1497927326115524,Low,Logistic Regression,0.7919
1912,0.40051970403584447,Medium,Logistic Regression,0.7919
1915,0.5592354352456089,High,Logistic Regression,0.7919
1916,0.7547520921043264,High,Logistic Regression,0.7919
1918,0.3296956198965397,Medium,Logistic Regression,0.7919
1922,0.08629659776869258,Low,Logistic Regression,0.7919
1924,0.2740043227142498,Medium,Logistic Regression,0.7919
1927,0.5046777117119736,Medium,Logistic Regression,0.7919
1929,0.5688390105234271,High,Logistic Regression,0.7919
1931,0.33441082548275325,Medium,Logistic Regression,0.7919
1932,0.47050938986854024,Medium,Logistic Regression,0.7919
1934,0.05422703791247632,Low,Logistic Regression,0.7919
1935,0.3127728586776518,Medium,Logistic Regression,0.7919
1936,0.3336647304815949,Medium,Logistic Regression,0.7919
1937,0.2185441876978691,Low,Logistic Regression,0.7919
1938,0.2437137153714037,Low,Logistic Regression,0.7919
1940,0.04971905058274606,Low,Logistic Regression,0.7919
1941,0.029623148520287506,Low,Logistic Regression,0.7919
1943,0.6452971507299595,High,Logistic Regression,0.7919
1945,0.46176871962119553,Medium,Logistic Regression,0.7919
1947,0.10225939997972026,Low,Logistic Regression,0.7919
1948,0.24423005200649373,Low,Logistic Regression,0.7919
1949,0.21990583648911582,Low,Logistic Regression,0.7919
1950,0.4428839795759121,Medium,Logistic Regression,0.7919
1951,0.19402717679084894,Low,Logistic Regression,0.7919
1952,0.4631217957545744,Medium,Logistic Regression,0.7919
1954,0.3019604440447109,Medium,Logistic Regression,0.7919
1955,0.05967112005386666,Low,Logistic Regression,0.7919
1956,0.5462685954857573,High,Logistic Regression,0.7919
1961,0.8730162041181901,High,Logistic Regression,0.7919
1962,0.12821692196279683,Low,Logistic Regression,0.7919
1965,0.13894779002972396,Low,Logistic Regression,0.7919
1966,0.32818904206833166,Medium,Logistic Regression,0.7919
1969,0.12012640451521195,Low,Logistic Regression,0.7919
1970,0.0334621986999702,Low,Logistic Regression,0.7919
1971,0.03340081953341196,Low,Logistic Regression,0.7919
1972,0.5515221421392851,High,Logistic Regression,0.7919
1973,0.32319809100747815,Medium,Logistic Regression,0.7919
1974,0.7105840540382005,High,Logistic Regression,0.7919
1975,0.6863708282664909,High,Logistic Regression,0.7919
1976,0.021165640030744268,Low,Logistic Regression,0.7919
1979,0.015148459199170879,Low,Logistic Regression,0.7919
1980,0.41703303679969256,Medium,Logistic Regression,0.7919
1981,0.21410108919072512,Low,Logistic Regression,0.7919
1982,0.12403535406974464,Low,Logistic Regression,0.7919
1985,0.5661334596865393,High,Logistic Regression,0.7919
1986,0.1632004559563008,Low,Logistic Regression,0.7919
1987,0.6027034681005178,High,Logistic Regression,0.7919
1989,0.11596342981908253,Low,Logistic Regression,0.7919
1992,0.7244677346833749,High,Logistic Regression,0.7919
1993,0.11591104946787917,Low,Logistic Regression,0.7919
1994,0.30431783746542523,Medium,Logistic Regression,0.7919
1995,0.08059274641680828,Low,Logistic Regression,0.7919
1996,0.5282204101068736,Medium,Logistic Regression,0.7919
1997,0.4929987934060284,Medium,Logistic Regression,0.7919
1998,0.7137308353601894,High,Logistic Regression,0.7919
1999,0.0755704824592394,Low,Logistic Regression,0.7919
2000,0.010575512064990638,Low,Logistic Regression,0.7919
2003,0.8256138991581834,High,Logistic Regression,0.7919
2007,0.05495744250542923,Low,Logistic Regression,0.7919
2008,0.06728442691088513,Low,Logistic Regression,0.7919
2009,0.5097327444521389,Medium,Logistic Regression,0.7919
2010,0.7696638668166009,High,Logistic Regression,0.7919
2012,0.6146614542743914,High,Logistic Regression,0.7919
2013,0.718425670464245,High,Logistic Regression,0.7919
2014,0.2568543546017034,Medium,Logistic Regression,0.7919
2015,0.029165548509813243,Low,Logistic Regression,0.7919
2016,0.0995136891310582,Low,Logistic Regression,0.7919
2017,0.08152811249694739,Low,Logistic Regression,0.7919
2018,0.6417145062525522,High,Logistic Regression,0.7919
2019,0.30082891867622075,Medium,Logistic Regression,0.7919
2020,0.4458141154976223,Medium,Logistic Regression,0.7919
2021,0.9101189853019208,High,Logistic Regression,0.7919
2022,0.026053785583904268,Low,Logistic Regression,0.7919
2024,0.2152114473012186,Low,Logistic Regression,0.7919
2025,0.21189357270382808,Low,Logistic Regression,0.7919
2026,0.003393628022124116,Low,Logistic Regression,0.7919
2031,0.17612750456161913,Low,Logistic Regression,0.7919
2034,0.1264997919765348,Low,Logistic Regression,0.7919
2035,0.18775163018112465,Low,Logistic Regression,0.7919
2036,0.2791449801941537,Medium,Logistic Regression,0.7919
2037,0.18383135108036117,Low,Logistic Regression,0.7919
2038,0.1729657066778669,Low,Logistic Regression,0.7919
2040,0.5489322865360218,High,Logistic Regression,0.7919
2041,0.0808869730108869,Low,Logistic Regression,0.7919
2045,0.6436682712238235,High,Logistic Regression,0.7919
2046,0.331663788857209,Medium,Logistic Regression,0.7919
2048,0.10896944586996328,Low,Logistic Regression,0.7919
2049,0.3528992702294203,Medium,Logistic Regression,0.7919
2051,0.038316820065900925,Low,Logistic Regression,0.7919
2052,0.10702464114047708,Low,Logistic Regression,0.7919
2053,0.8019219292451195,High,Logistic Regression,0.7919
2054,0.4455466445471872,Medium,Logistic Regression,0.7919
2056,0.6492103083081225,High,Logistic Regression,0.7919
2057,0.09448542391916477,Low,Logistic Regression,0.7919
2060,0.2893904424492165,Medium,Logistic Regression,0.7919
2061,0.2910861261824358,Medium,Logistic Regression,0.7919
2062,0.10713138009997004,Low,Logistic Regression,0.7919
2064,0.5437926369697096,High,Logistic Regression,0.7919
2065,0.09883868829889854,Low,Logistic Regression,0.7919
2068,0.3557751567822331,Medium,Logistic Regression,0.7919
